source_taxonomy,source_concept,canonical_field,priority,sign,valid_from,valid_to
us-gaap,RevenueFromContractWithCustomerExcludingAssessedTax,revenue,1,1,,
us-gaap,Revenues,revenue,2,1,,
us-gaap,SalesRevenueNet,revenue,3,1,,
us-gaap,RevenueFromContractWithCustomerIncludingAssessedTax,revenue,4,1,,
us-gaap,SalesRevenueGoodsNet,revenue,5,1,,
us-gaap,RevenuesNetOfInterestExpense,revenue,6,1,,
us-gaap,CostOfRevenue,cost_of_revenue,1,1,,
us-gaap,CostOfGoodsAndServicesSold,cost_of_revenue,2,1,,
us-gaap,CostOfGoodsSold,cost_of_revenue,3,1,,
us-gaap,CostOfServices,cost_of_revenue,4,1,,
us-gaap,CostOfGoodsAndServiceExcludingDepreciationDepletionAndAmortization,cost_of_revenue,5,1,,
us-gaap,GrossProfit,gross_profit,1,1,,
us-gaap,ResearchAndDevelopmentExpense,rnd_expense,1,1,,
us-gaap,ResearchAndDevelopmentExpenseExcludingAcquiredInProcessCost,rnd_expense,2,1,,
us-gaap,SellingGeneralAndAdministrativeExpense,sga_expense,1,1,,
us-gaap,OtherCostAndExpenseOperating,other_operating_expense,1,1,,
us-gaap,OtherOperatingIncomeExpenseNet,other_operating_expense,2,-1,,
us-gaap,RestructuringCharges,other_operating_expense,3,1,,
us-gaap,OperatingIncomeLoss,operating_income,1,1,,
us-gaap,DepreciationDepletionAndAmortization,depreciation_amortization,1,1,,
us-gaap,DepreciationAndAmortization,depreciation_amortization,2,1,,
us-gaap,DepreciationAmortizationAndAccretionNet,depreciation_amortization,3,1,,
us-gaap,Depreciation,depreciation_amortization,4,1,,
us-gaap,ShareBasedCompensation,stock_based_comp,1,1,,
us-gaap,AllocatedShareBasedCompensationExpense,stock_based_comp,2,1,,
us-gaap,InterestExpense,interest_expense,1,1,,
us-gaap,InterestExpenseNonoperating,interest_expense,2,1,,
us-gaap,InterestExpenseDebt,interest_expense,3,1,,
us-gaap,InterestAndDebtExpense,interest_expense,4,1,,
us-gaap,InvestmentIncomeInterest,interest_income,1,1,,
us-gaap,InterestAndDividendIncomeOperating,interest_income,2,1,,
us-gaap,InvestmentIncomeInterestAndDividend,interest_income,3,1,,
us-gaap,InterestIncomeOther,interest_income,4,1,,
us-gaap,NonoperatingIncomeExpense,other_nonoperating_income,1,1,,
us-gaap,OtherNonoperatingIncomeExpense,other_nonoperating_income,2,1,,
us-gaap,IncomeLossFromContinuingOperationsBeforeIncomeTaxesExtraordinaryItemsNoncontrollingInterest,pretax_income,1,1,,
us-gaap,IncomeLossFromContinuingOperationsBeforeIncomeTaxesMinorityInterestAndIncomeLossFromEquityMethodInvestments,pretax_income,2,1,,
us-gaap,IncomeTaxExpenseBenefit,income_tax_expense,1,1,,
us-gaap,ProfitLoss,net_income,1,1,,
us-gaap,NetIncomeLoss,net_income,2,1,,
us-gaap,NetIncomeLossAvailableToCommonStockholdersBasic,net_income_to_common,1,1,,
us-gaap,NetIncomeLoss,net_income_to_common,2,1,,
us-gaap,EarningsPerShareBasic,eps_basic,1,1,,
us-gaap,EarningsPerShareBasicAndDiluted,eps_basic,2,1,,
us-gaap,EarningsPerShareDiluted,eps_diluted,1,1,,
us-gaap,EarningsPerShareBasicAndDiluted,eps_diluted,2,1,,
us-gaap,WeightedAverageNumberOfSharesOutstandingBasic,shares_basic_weighted,1,1,,
us-gaap,WeightedAverageNumberOfShareOutstandingBasicAndDiluted,shares_basic_weighted,2,1,,
us-gaap,WeightedAverageNumberOfDilutedSharesOutstanding,shares_diluted_weighted,1,1,,
us-gaap,WeightedAverageNumberOfShareOutstandingBasicAndDiluted,shares_diluted_weighted,2,1,,
us-gaap,CashAndCashEquivalentsAtCarryingValue,cash_and_equivalents,1,1,,
us-gaap,CashCashEquivalentsRestrictedCashAndRestrictedCashEquivalents,cash_and_equivalents,2,1,,
us-gaap,Cash,cash_and_equivalents,3,1,,
us-gaap,ShortTermInvestments,short_term_investments,1,1,,
us-gaap,MarketableSecuritiesCurrent,short_term_investments,2,1,,
us-gaap,AvailableForSaleSecuritiesDebtSecuritiesCurrent,short_term_investments,3,1,,
us-gaap,AccountsReceivableNetCurrent,accounts_receivable,1,1,,
us-gaap,ReceivablesNetCurrent,accounts_receivable,2,1,,
us-gaap,AccountsNotesAndLoansReceivableNetCurrent,accounts_receivable,3,1,,
us-gaap,InventoryNet,inventory,1,1,,
us-gaap,InventoryGross,inventory,2,1,,
us-gaap,AssetsCurrent,total_current_assets,1,1,,
us-gaap,PropertyPlantAndEquipmentNet,ppe_net,1,1,,
us-gaap,PropertyPlantAndEquipmentAndFinanceLeaseRightOfUseAssetAfterAccumulatedDepreciationAndAmortization,ppe_net,2,1,,
us-gaap,Goodwill,goodwill,1,1,,
us-gaap,IntangibleAssetsNetExcludingGoodwill,intangibles,1,1,,
us-gaap,FiniteLivedIntangibleAssetsNet,intangibles,2,1,,
us-gaap,LongTermInvestments,long_term_investments,1,1,,
us-gaap,MarketableSecuritiesNoncurrent,long_term_investments,2,1,,
us-gaap,AvailableForSaleSecuritiesDebtSecuritiesNoncurrent,long_term_investments,3,1,,
us-gaap,OtherLongTermInvestments,long_term_investments,4,1,,
us-gaap,Assets,total_assets,1,1,,
us-gaap,AccountsPayableCurrent,accounts_payable,1,1,,
us-gaap,AccountsPayableAndAccruedLiabilitiesCurrent,accounts_payable,2,1,,
us-gaap,DebtCurrent,short_term_debt,1,1,,
us-gaap,LongTermDebtCurrent,short_term_debt,2,1,,
us-gaap,ShortTermBorrowings,short_term_debt,3,1,,
us-gaap,CommercialPaper,short_term_debt,4,1,,
us-gaap,LiabilitiesCurrent,total_current_liabilities,1,1,,
us-gaap,LongTermDebtNoncurrent,long_term_debt,1,1,,
us-gaap,LongTermDebtAndCapitalLeaseObligations,long_term_debt,2,1,,
us-gaap,LongTermDebt,long_term_debt,3,1,,
us-gaap,LongTermNotesPayable,long_term_debt,4,1,,
us-gaap,OperatingLeaseLiabilityNoncurrent,long_term_lease_liabilities,1,1,,
us-gaap,FinanceLeaseLiabilityNoncurrent,long_term_lease_liabilities,2,1,,
us-gaap,Liabilities,total_liabilities,1,1,,
us-gaap,RetainedEarningsAccumulatedDeficit,retained_earnings,1,1,,
us-gaap,MinorityInterest,minority_interest,1,1,,
us-gaap,StockholdersEquityIncludingPortionAttributableToNoncontrollingInterest,total_equity,1,1,,
us-gaap,StockholdersEquity,total_equity,2,1,,
us-gaap,CommonStockSharesOutstanding,shares_outstanding,1,1,,
dei,EntityCommonStockSharesOutstanding,shares_outstanding,2,1,,
us-gaap,NetCashProvidedByUsedInOperatingActivities,cfo,1,1,,
us-gaap,NetCashProvidedByUsedInOperatingActivitiesContinuingOperations,cfo,2,1,,
us-gaap,PaymentsToAcquirePropertyPlantAndEquipment,capex,1,1,,
us-gaap,PaymentsToAcquireProductiveAssets,capex,2,1,,
us-gaap,PaymentsToAcquireBusinessesNetOfCashAcquired,acquisitions,1,1,,
us-gaap,PaymentsToAcquireBusinessesGross,acquisitions,2,1,,
us-gaap,NetCashProvidedByUsedInInvestingActivities,cfi,1,1,,
us-gaap,NetCashProvidedByUsedInInvestingActivitiesContinuingOperations,cfi,2,1,,
us-gaap,PaymentsOfDividends,dividends_paid,1,1,,
us-gaap,PaymentsOfDividendsCommonStock,dividends_paid,2,1,,
us-gaap,PaymentsOfOrdinaryDividends,dividends_paid,3,1,,
us-gaap,PaymentsForRepurchaseOfCommonStock,share_repurchases,1,1,,
us-gaap,ProceedsFromIssuanceOfCommonStock,share_issuance,1,1,,
us-gaap,ProceedsFromIssuanceOrSaleOfEquity,share_issuance,2,1,,
us-gaap,ProceedsFromStockOptionsExercised,share_issuance,3,1,,
us-gaap,ProceedsFromIssuanceOfLongTermDebt,debt_issued,1,1,,
us-gaap,ProceedsFromIssuanceOfDebt,debt_issued,2,1,,
us-gaap,ProceedsFromDebtNetOfIssuanceCosts,debt_issued,3,1,,
us-gaap,RepaymentsOfLongTermDebt,debt_repaid,1,1,,
us-gaap,RepaymentsOfDebt,debt_repaid,2,1,,
us-gaap,RepaymentsOfDebtAndCapitalLeaseObligations,debt_repaid,3,1,,
us-gaap,NetCashProvidedByUsedInFinancingActivities,cff,1,1,,
us-gaap,NetCashProvidedByUsedInFinancingActivitiesContinuingOperations,cff,2,1,,
us-gaap,EffectOfExchangeRateOnCashCashEquivalentsRestrictedCashAndRestrictedCashEquivalents,fx_effect,1,1,,
us-gaap,EffectOfExchangeRateOnCashAndCashEquivalents,fx_effect,2,1,,
us-gaap,CashCashEquivalentsRestrictedCashAndRestrictedCashEquivalentsPeriodIncreaseDecreaseIncludingExchangeRateEffect,net_change_in_cash,1,1,,
us-gaap,CashAndCashEquivalentsPeriodIncreaseDecrease,net_change_in_cash,2,1,,
